<?xml version="1.0" encoding="UTF-8" standalone="yes"?>
<addon id="plugin.program.shadowbuilds" name="Shadow Builds" version="2.0.3" provider-name="Shadow Crew">
  <requires>
	<import addon="xbmc.python" version="2.1.0"/>
    <import addon="script.module.addon.common" />
  </requires>
  <extension point="xbmc.python.pluginsource" library="default.py">
        <provides>executable</provides>
  </extension>
  <extension point="xbmc.addon.metadata">
    <summary lang="en">Shadow Builds</summary>
	<description>Thanks to whufclee for the original Community Builds code used in this add-on. For help or info please visit http://rh-project.info</description>
    <platform>all</platform>
  </extension>
</addon>