﻿<?xml version="1.0" encoding="UTF-8" standalone="yes"?>
<addon id="repository.BlackKodi-Repo" name="BlackKodi-Repo" version="1.0.0" provider-name="BlackKodi">
	<extension point="xbmc.addon.repository" name=" BlackKodi-Repo">
		<info compressed="false">https://raw.githubusercontent.com/djjohnnyb15/BlackKodi/master/addons.xml</info>
			<checksum>https://raw.githubusercontent.com/djjohnnyb15/BlackKodi/master/addons.xml.md5</checksum>
			<datadir zip="true">https://raw.githubusercontent.com/djjohnnyb15/BlackKodi/master/zips</datadir>
	</extension>
	<extension point="xbmc.addon.metadata">
		<summary lang="en">Black Kodi Wizard-Repo</summary>
    <description lang="en">Black Kodi Wizard Easy Install for kodi.</description>
		<platform>all</platform>
	</extension>
</addon>